Workbook

Sheet Inputs and Result
A1: Clinic Waiting-Line Analysis
A2: Yellow cells are the inputs. Change them, re-run clinic_sim.cpp with the same values, and paste its results into the Simulation sheet.
A4: Inputs
A5: Patient arrivals per hour (λ) | B5: 10 | C5: Example value. Replace with counts from your clinic or a class case.
A6: Average minutes with staff per patient | B6: 12 | C6: Example value. Replace with observed service times.
A7: Target average wait (minutes) | B7: 2 | C7: Example target. A clinic would set this from its own policy.
A9: Service rate per staff (patients/hour, μ) | B9: =60/B6 -> 5
A10: Offered load (staff-equivalents of work, a = λ/μ) | B10: =B5/B9 -> 2 | C10: The clinic needs more staff than this just to keep up.
A12: Result
A13: Recommended staff (fewest that meet the target, by simulation) | B13: =IFERROR(INDEX(Comparison!A5:A10,MATCH(1,Comparison!K5:K10,0)),"None in range") -> 4
A14: Average wait at that staffing (minutes, simulation) | B14: =IFERROR(INDEX(Comparison!B5:B10,MATCH(B13,Comparison!A5:A10,0)),"") -> 1.04486
A15: Staff utilization at that staffing | B15: =IFERROR(INDEX(Comparison!H5:H10,MATCH(B13,Comparison!A5:A10,0)),"") -> 0.499163
A16: Patients waiting more than 15 minutes at that staffing | B16: =IFERROR(INDEX(Simulation!G5:G10,MATCH(B13,Simulation!A5:A10,0)),"") -> 0.0144799
A18: Model check
A19: Simulation agrees with Erlang C theory within its 95% interval for every staffing level? | B19: =IF(COUNTIF(Comparison!G5:G10,"Yes")=6,"Yes","No, see Comparison") -> Yes

Sheet Theory
A1: Erlang C theory (M/M/c queue)
A2: Assumes Poisson arrivals, exponential service times, one shared line, first come first served. All inputs come from the Inputs and Result sheet.
A4: Helper table: aᵏ / k!
A5: k | B5: a^k / k!
A6: 0 | B6: ='Inputs and Result'!$B$10^A6/FACT(A6) -> 1
A7: 1 | B7: ='Inputs and Result'!$B$10^A7/FACT(A7) -> 2
A8: 2 | B8: ='Inputs and Result'!$B$10^A8/FACT(A8) -> 2
A9: 3 | B9: ='Inputs and Result'!$B$10^A9/FACT(A9) -> 1.3333333
A10: 4 | B10: ='Inputs and Result'!$B$10^A10/FACT(A10) -> 0.66666667
A11: 5 | B11: ='Inputs and Result'!$B$10^A11/FACT(A11) -> 0.26666667
A12: 6 | B12: ='Inputs and Result'!$B$10^A12/FACT(A12) -> 0.088888889
A13: 7 | B13: ='Inputs and Result'!$B$10^A13/FACT(A13) -> 0.025396825
A14: 8 | B14: ='Inputs and Result'!$B$10^A14/FACT(A14) -> 0.0063492063
A15: 9 | B15: ='Inputs and Result'!$B$10^A15/FACT(A15) -> 0.0014109347
A17: Theoretical results by staff count
A18: Staff (c) | B18: Utilization (ρ = a/c) | C18: Top term | D18: Sum of first c terms | E18: Chance of waiting (Erlang C) | F18: Average wait (min) | G18: Average number waiting | H18: Chance of waiting over 15 min
A19: 3 | B19: ='Inputs and Result'!$B$10/A19 -> 0.66666667 | C19: ='Inputs and Result'!$B$10^A19/FACT(A19)*A19/(A19-'Inputs and Result'!$B$10) -> 4 | D19: =SUM($B$6:INDEX($B$6:$B$15,A19)) -> 5 | E19: =C19/(D19+C19) -> 0.44444444 | F19: =E19/(A19*'Inputs and Result'!$B$9-'Inputs and Result'!$B$5)*60 -> 5.3333333 | G19: ='Inputs and Result'!$B$5*F19/60 -> 0.88888889 | H19: =E19*EXP(-(A19*'Inputs and Result'!$B$9-'Inputs and Result'!$B$5)*15/60) -> 0.12733547
A20: 4 | B20: ='Inputs and Result'!$B$10/A20 -> 0.5 | C20: ='Inputs and Result'!$B$10^A20/FACT(A20)*A20/(A20-'Inputs and Result'!$B$10) -> 1.3333333 | D20: =SUM($B$6:INDEX($B$6:$B$15,A20)) -> 6.3333333 | E20: =C20/(D20+C20) -> 0.17391304 | F20: =E20/(A20*'Inputs and Result'!$B$9-'Inputs and Result'!$B$5)*60 -> 1.0434783 | G20: ='Inputs and Result'!$B$5*F20/60 -> 0.17391304 | H20: =E20*EXP(-(A20*'Inputs and Result'!$B$9-'Inputs and Result'!$B$5)*15/60) -> 0.014275652
A21: 5 | B21: ='Inputs and Result'!$B$10/A21 -> 0.4 | C21: ='Inputs and Result'!$B$10^A21/FACT(A21)*A21/(A21-'Inputs and Result'!$B$10) -> 0.44444444 | D21: =SUM($B$6:INDEX($B$6:$B$15,A21)) -> 7 | E21: =C21/(D21+C21) -> 0.059701493 | F21: =E21/(A21*'Inputs and Result'!$B$9-'Inputs and Result'!$B$5)*60 -> 0.23880597 | G21: ='Inputs and Result'!$B$5*F21/60 -> 0.039800995 | H21: =E21*EXP(-(A21*'Inputs and Result'!$B$9-'Inputs and Result'!$B$5)*15/60) -> 0.0014040445
A22: 6 | B22: ='Inputs and Result'!$B$10/A22 -> 0.33333333 | C22: ='Inputs and Result'!$B$10^A22/FACT(A22)*A22/(A22-'Inputs and Result'!$B$10) -> 0.13333333 | D22: =SUM($B$6:INDEX($B$6:$B$15,A22)) -> 7.2666667 | E22: =C22/(D22+C22) -> 0.018018018 | F22: =E22/(A22*'Inputs and Result'!$B$9-'Inputs and Result'!$B$5)*60 -> 0.054054054 | G22: ='Inputs and Result'!$B$5*F22/60 -> 0.009009009 | H22: =E22*EXP(-(A22*'Inputs and Result'!$B$9-'Inputs and Result'!$B$5)*15/60) -> 0.00012140445
A23: 7 | B23: ='Inputs and Result'!$B$10/A23 -> 0.28571429 | C23: ='Inputs and Result'!$B$10^A23/FACT(A23)*A23/(A23-'Inputs and Result'!$B$10) -> 0.035555556 | D23: =SUM($B$6:INDEX($B$6:$B$15,A23)) -> 7.3555556 | E23: =C23/(D23+C23) -> 0.0048105833 | F23: =E23/(A23*'Inputs and Result'!$B$9-'Inputs and Result'!$B$5)*60 -> 0.0115454 | G23: ='Inputs and Result'!$B$5*F23/60 -> 0.0019242333 | H23: =E23*EXP(-(A23*'Inputs and Result'!$B$9-'Inputs and Result'!$B$5)*15/60) -> 9.2866104e-06
A24: 8 | B24: ='Inputs and Result'!$B$10/A24 -> 0.25 | C24: ='Inputs and Result'!$B$10^A24/FACT(A24)*A24/(A24-'Inputs and Result'!$B$10) -> 0.0084656085 | D24: =SUM($B$6:INDEX($B$6:$B$15,A24)) -> 7.3809524 | E24: =C24/(D24+C24) -> 0.0011456394 | F24: =E24/(A24*'Inputs and Result'!$B$9-'Inputs and Result'!$B$5)*60 -> 0.0022912788 | G24: ='Inputs and Result'!$B$5*F24/60 -> 0.0003818798 | H24: =E24*EXP(-(A24*'Inputs and Result'!$B$9-'Inputs and Result'!$B$5)*15/60) -> 6.3363525e-07
A26: Formulas: Wq = P(wait) / (cμ − λ). Lq = λ × Wq. P(wait > t) = P(wait) × e^(−(cμ − λ) t). Staff counts in column A must stay above the offered load.

Sheet Simulation
A1: Simulation output from clinic_sim.cpp
A2: Source: ./clinic_sim 10 12 3 8 results.csv. 30 replications of 2,000 clinic hours per staff count, 100 warm-up hours discarded, fixed random seeds. Values pasted as numbers from the program's CSV.
A4: Staff | B4: Average wait (min) | C4: 95% interval (± min) | D4: Average number waiting | E4: Staff utilization | F4: Chance of waiting | G4: Chance of waiting over 15 min
A5: 3 | B5: 5.27532 | C5: 0.121633 | D5: 0.881025 | E5: 0.666886 | F5: 0.445622 | G5: 0.126221
A6: 4 | B6: 1.04486 | C6: 0.0318839 | D6: 0.174046 | E6: 0.499163 | F6: 0.172725 | G6: 0.0144799
A7: 5 | B7: 0.23938 | C7: 0.0107782 | D7: 0.0396036 | E7: 0.399618 | F7: 0.0594698 | G7: 0.0014767
A8: 6 | B8: 0.0557653 | C8: 0.00467622 | D8: 0.00961906 | E8: 0.333754 | F8: 0.0180956 | G8: 0.000147265
A9: 7 | B9: 0.0124728 | C9: 0.00148571 | D9: 0.00205324 | E9: 0.285282 | F9: 0.00510974 | G9: 1.40319e-05
A10: 8 | B10: 0.00269897 | C10: 0.000780603 | D10: 0.000515146 | E10: 0.250921 | F10: 0.00123015 | G10: 1.56846e-05

Sheet Comparison
A1: Simulation versus theory
A2: A good simulation lands inside its own 95% interval around the theory. Little's Law (Lq = λ × Wq) is checked using only simulation output.
A4: Staff | B4: Simulated wait (min) | C4: Theory wait (min) | D4: Difference (min) | E4: 95% interval (± min) | F4: Inside interval (1 = yes) | G4: Inside interval? | H4: Simulated utilization | I4: Theory utilization | J4: Little's Law gap (λ × Wq − Lq) | K4: Meets target (1 = yes)
A5: =Simulation!A5 -> 3 | B5: =Simulation!B5 -> 5.27532 | C5: =Theory!F19 -> 5.3333333 | D5: =B5-C5 -> -0.058013333 | E5: =Simulation!C5 -> 0.121633 | F5: =IF(ABS(D5)<=E5,1,0) -> 1 | G5: =IF(F5=1,"Yes","No") -> Yes | H5: =Simulation!E5 -> 0.666886 | I5: =Theory!B19 -> 0.66666667 | J5: ='Inputs and Result'!$B$5*B5/60-Simulation!D5 -> -0.001805 | K5: =IF(B5<='Inputs and Result'!$B$7,1,0) -> 0
A6: =Simulation!A6 -> 4 | B6: =Simulation!B6 -> 1.04486 | C6: =Theory!F20 -> 1.0434783 | D6: =B6-C6 -> 0.0013817391 | E6: =Simulation!C6 -> 0.0318839 | F6: =IF(ABS(D6)<=E6,1,0) -> 1 | G6: =IF(F6=1,"Yes","No") -> Yes | H6: =Simulation!E6 -> 0.499163 | I6: =Theory!B20 -> 0.5 | J6: ='Inputs and Result'!$B$5*B6/60-Simulation!D6 -> 9.7333333e-05 | K6: =IF(B6<='Inputs and Result'!$B$7,1,0) -> 1
A7: =Simulation!A7 -> 5 | B7: =Simulation!B7 -> 0.23938 | C7: =Theory!F21 -> 0.23880597 | D7: =B7-C7 -> 0.00057402985 | E7: =Simulation!C7 -> 0.0107782 | F7: =IF(ABS(D7)<=E7,1,0) -> 1 | G7: =IF(F7=1,"Yes","No") -> Yes | H7: =Simulation!E7 -> 0.399618 | I7: =Theory!B21 -> 0.4 | J7: ='Inputs and Result'!$B$5*B7/60-Simulation!D7 -> 0.00029306667 | K7: =IF(B7<='Inputs and Result'!$B$7,1,0) -> 1
A8: =Simulation!A8 -> 6 | B8: =Simulation!B8 -> 0.0557653 | C8: =Theory!F22 -> 0.054054054 | D8: =B8-C8 -> 0.0017112459 | E8: =Simulation!C8 -> 0.00467622 | F8: =IF(ABS(D8)<=E8,1,0) -> 1 | G8: =IF(F8=1,"Yes","No") -> Yes | H8: =Simulation!E8 -> 0.333754 | I8: =Theory!B22 -> 0.33333333 | J8: ='Inputs and Result'!$B$5*B8/60-Simulation!D8 -> -0.00032484333 | K8: =IF(B8<='Inputs and Result'!$B$7,1,0) -> 1
A9: =Simulation!A9 -> 7 | B9: =Simulation!B9 -> 0.0124728 | C9: =Theory!F23 -> 0.0115454 | D9: =B9-C9 -> 0.00092740012 | E9: =Simulation!C9 -> 0.00148571 | F9: =IF(ABS(D9)<=E9,1,0) -> 1 | G9: =IF(F9=1,"Yes","No") -> Yes | H9: =Simulation!E9 -> 0.285282 | I9: =Theory!B23 -> 0.28571429 | J9: ='Inputs and Result'!$B$5*B9/60-Simulation!D9 -> 2.556e-05 | K9: =IF(B9<='Inputs and Result'!$B$7,1,0) -> 1
A10: =Simulation!A10 -> 8 | B10: =Simulation!B10 -> 0.00269897 | C10: =Theory!F24 -> 0.0022912788 | D10: =B10-C10 -> 0.00040769118 | E10: =Simulation!C10 -> 0.000780603 | F10: =IF(ABS(D10)<=E10,1,0) -> 1 | G10: =IF(F10=1,"Yes","No") -> Yes | H10: =Simulation!E10 -> 0.250921 | I10: =Theory!B24 -> 0.25 | J10: ='Inputs and Result'!$B$5*B10/60-Simulation!D10 -> -6.5317667e-05 | K10: =IF(B10<='Inputs and Result'!$B$7,1,0) -> 1
